﻿Pavardė,Vardas,Gimimo data,Studento pažymėjimo numeris,Kursas,Telefono numeris,Fuksas
Arnas,Sofauskas,1997-04-18,91357,I,878617827,Taip
Gailė,Pagalvytė,1996-05-17,92468,II,878617827,
Jonas,Kėdžius,1994-03-11,93579,IV,878362552,
Radvilė,Stalčiukaitė,1995-12-07,94680,III,878622676,
Ignas,Lovauskas,1997-09-06,90864,I,877625252,Taip
Indrė,Langaitė,1996-07-25,99753,II,875736251,Taip
Diana,Paveikslaitė,1995-05-20,98642,III,878736252,
Dainius,Lentauskas,1993-08-18,97531,IV,877462625,
Raminta,Foteliūtė,1995-05-02,96420,III,877536225,
Raigardas,Knygius,1994-06-19,95790,IV,877383273,
Giedrius,Palangiauskas,1996-05-24,91470,II,878649380,Taip
Rasa,Plaktukaitė,1997-02-14,92683,I,877201928,
Ieva,Pjūklaitė,1997-05-11,90273,I,876283736,Taip
Gintaras,Grėbliauskas,1996-11-09,90876,II,876403928,
Vladimiras,Lygiauskas,1994-05-13,93261,IV,876473928,
Jomantė,Dėklaitė,1996-07-15,97365,I,878739276,Taip
Simona,Tinklaitė,1996-06-30,92725,II,878392074,
Audrius,Dalgiauskas,1997-05-29,97362,I,877049387,Taip
Audronė,Grindžiūtė,1996-10-27,99827,II,874930283,
Vytenis,Dėžiauskas,1995-05-13,94725,III,874938273,Taip