ISBN;Pavadinimas;Autorius(-iai);Tipas;Leidykla;Išleidimo metai;Puslapių skaičius;
ISBN;Pavadinimas;Autorius(-iai);Tipas;Leidykla;Išleidimo metai;Puslapių skaičius;
9786090211267;Objektinio programavimo įvadas;Vytautas Bukšnaitis,Inga Bylienė-Vaičiulytė,Jonas Blonskis,Vacius Jusas,Romas Marcinkevičius,Aleksas Riškus;Knyga;Technologija;2015;201;
9785415023455;Psichoanalizės įvadas;Sigmund Freud;Knyga;Vaga;2014;462;
9786098088106;Mokslas ir tikėjimas: naujasis įvadas;John F. Haught;Knyga;Vox altera;2014;174;
9786094600852;Demokratija ir ugdymas: įvadas į ugdymo filosofiją;John Dewey;Knyga;Klaipėda;2013;255;
9786094034725;Geriausi "RawRaw" receptai žaliavalgiams;Olga Dzindzeleta;Knyga;Media Incognito;2013;126;
9789955264040;Naikinamasis Stalino karas, 1941-1945: planavimas, realizavimas ir dokumentai;Joachim Hoffmann;Knyga;Briedis;2013;413;
9786094271281;Šviesa - mokslas ir magija: fotografijos apšvietimo įvadas;Fil Hunter,Steven Biver,Paul Fuqua;Knyga;Fotoprofas;2013;222;
9786094591716;Žiniasklaidos ekonomika ir vadyba. Įvadas;Deimantas Jastramskis;Knyga;Vilniaus universiteto leidykla;2013;103;
9786098088083;Mokslas ir religija: naujasis įvadas;Alister E. McGrath;Knyga;Vox altera;2013;237;
9786094575143;Architektūrologijos istorijos įvadas;Edita Riaubienė;Knyga;Technika;2013;103;
9786099540672;Modernizmas: įvadas;Chris Rodrigues,Chris Garratt;Knyga;Modernaus meno centras;2013;176;
9786094490781;Pieno ir jo sudedamųjų dalių biologinė reikšmė;Angelė Sigita Urbienė;Monografija;Akademija;2015;199;
9789955292357;Popiežius Pranciškus: pokalbiai su Jorge Bergoglio;Sergio Rubin,Francesca Ambrogetti;Knyga;Katalikų pasaulio leidiniai;2013;174;
9785417010507;Kino teorija: įvadas per juslių prizmę;Thomas Elsaesser,Malte Hagener;Knyga;Mintis;2012;254;
9785420017128;Filosofijos įvadas: vadovėlis aukštosioms mokykloms;Evaldas Nekrašas;Knyga;Mokslo ir enciklopedijų leidybos institutas;2012;294;
9786090211281;Kultūrinių teksto reikšmių interpretacija ir vertimas;Aurelija Leonavičienė;Monografija;Technologija;2014;202;
9789955291947;Liturgijos dvasia: įvadas;Joseph Ratzinger;Knyga;Katalikų pasaulio leidiniai;2012;189;
9781447141259;Meta-programming and model-driven meta-program development: principles, processes and techniques;Vytautas Štuikys,Robertas Damaševičius;Knyga;Springer;2013;326;
9786090202173;Programų priežiūra ir tobulinimas;Vytautas Štuikys,Robertas Damaševičius;Knyga;Technologija;2011;33;
9786090211359;Priebalsių akustinės ypatybės: palatalizacija ir balsingumas;Rytis Ambrazevičius,Asta Leskauskaitė;Monografija;Technologija;2015;310;
9786094576690;Radionuklidai augaluose;Donatas Butkus,Benedikta Lukšienė,Ingrida Pliopaitė-Bataitienė;Monografija;Technika;2014;295;
9783319169125;Smart learning objects for smart education in computer science: theory, methodology and robot-based implementation;Vytautas Štuikys;Knyga;Springer;2015;370;
9789955209522;Rinkodara politinėje komunikacijoje;Valdas Pruskus;Monografija;Lietuvos edukologijos universiteto leidykla;2014;232;
9789955209317;Profesinė branda: teorijos ir tyrimai;Julita Navaitienė;Monografija;Lietuvos edukologijos universiteto leidykla;2014;302;
9786090211168;Karo architektūra Lietuvos miestuose ir miesteliuose;Nijolė Steponaitytė,Kęstutis Zaleckis;Monografija;Technologija;2014;491;