﻿Vardas,Pavardė,Gimimo data,Ūgis,Pozicija,Klubas 2014-2015 m.,Pakviestas,Kapitonas
Deividas,Gailius,4/26/1988,200,"Lengvasis kraštas;Atakuojantis gynėjas","Klaipdos ""Neptūnas""; Lietuva",Taip,
Paulius,Jankūnas,4/29/1984,205,Puolėjas,"Kauno ""Žalgiris"", Lietuva",Taip,
Robertas,Javtokas,3/20/1980,211,Vidurio puolėjas,"Kauno ""Žalgiris""; Lietuva",Taip,Taip
Antanas,Kavaliauskas,9/19/1984,208,"Sunkusis kraštas;Centro puolėjas","Vilniaus ""Lietuvos rytas""; Lietuva",Taip,
Mantas,Kalnietis,9/6/1986,196,Įžaidėjas,"Krasnodaro ""Lokomotiv""; Rusija",Taip,
Mindaugas,Kuzminskas,10/19/1989,205,Lengvasis kraštas,"Malagos ""Unicaja""; Ispanija",Taip,
Darjušas,Lavrinovičius,11/1/1979,212,Vidurio puolėjas,"Emilijos ""Redo Grisson Bon""; Italija",,
Lukas,Lekavičius,3/30/1994,180,Įžaidėjas,"Kauno ""Žalgiris""; Lietuva",Taip,
Jonas,Mačiulis,2/10/1985,198,Lengvasis kraštas,"Madrido ""Real""; Ispanija",Taip,
Artūras,Milaknis,6/16/1986,195,"Lengvasis kraštas;Atakuojantis gynėjas","Kauno ""Žalgiris""; Lietuva",Taip,
Domantas,Sabonis,5/3/1996,208,"Sunkusis krašto puolėjas;Vidurio puolėjas","Gonzagos universitetas; JAV",Taip,
Renaldas,Seibutis,7/23/1985,196,Atakuojantis gynėjas,"Stambulo ""Darussafaka""; Turkija",Taip,
Jonas,Valančiūnas,5/6/1992,213,Vidurio puolėjas,"Toronto ""Raptors""; Kanada",Taip,
Martynas,Gecevičius,5/16/1988,193,Atakuojantis gynėjas,"Vilniaus ""Lietuvos rytas""; Lietuva",,
Rokas,Giedraitis,8/16/1992,201,"Lengvasis krašto puolėjas;Atakuojantis gynėjas","Šiaulių ""Šiauliai""; Lietuva",,
Mindaugas,Girdžiūnas,1/20/1989,188,Įžaidėjas,"Klaipėdos ""Neptūnas""; Lietuva",,
Artūras,Gudaitis,6/19/1993,208,Sunkusis krašto puolėjas,"Kauno ""Žalgiris""; Lietuva",,
Žygimantas,Janavičius,2/20/1989,192,Įžaidėjas,"Vilniaus ""Lietuvos rytas""; Lietuva",,
Adas,Jukevičius,1/3/1989,194,"Įžaidėjas;Atakuojantis gynėjas","Vilniaus ""Lietuvos rytas""; Lietuva",,
Vaidas,Kariniauskas,11/16/1993,197,Įžaidėjas,"Kauno ""Žalgiris""; Lietuva",,
Linas,Kleiza,1/3/1985,203,Sunkusis krašto puolėjas,"Milano ""Armani Jeans""; Italija",,
Donatas,Motiejūnas,9/20/1990,213,"Sunkusis kraštas;Centro puolėjas","Houston ""Rockets""; JAV",,
Gediminas,Orelikas,5/14/1990,200,Lengvasis kraštas,"Vilniaus ""Lietuvos rytas"", Lietuva",,
Martynas,Pocius,4/28/1986,196,"Lengvasis kraštas;Atakuojantis gynėjas","Stambulo ""Galatasaray""; Turkija",,
Edgaras,Ulanovas,1/7/1992,213,Lengvasis krašto puolėjas,"Toronto ""Raptors""; Kanada",,
