Valstybinis numeris;Gamintojas;Modelis;Pagaminimo metai ir mėnuo;Techninės apžiūros galiojimo data;Kuras;Vidutinės kuro sąnaudos (100km);
GDF156;Audi;Quattro;9/1991;4/2013;Benzinas;8.5;
FKT569;Ford;Focus;3/2008;9/2016;Dyzelinas;6.5;
KLK900;BMW;X5;5/2009;12/2015;Benzinas;9;
KLR563;Volkswagen;Golf;5/2002;9/2015;Dyzelinas;6;
KLO569;Mazda;626;6/1995;9/2016;Dyzelinas;6;
TRP588;Volvo;V90;8/2001;10/2015;Dyzelinas;6;
KNB489;Honda;Legend;6/2004;3/2017;Benzinas/dujos;15;
LBN666;Volvo;XC60;9/2010;5/2017;Benzinas;6.5;
GFD559;Peugeot;607;8/2004;5/2016;Dyzelinas;7.2;
KTU672;Volvo;V50;12/2006;9/2015;Dyzelinas;8.5;
ARV683;Opel;Astra;10/2006;10/2015;Dyzelinas;5.9;
KTU365;Toyota;Avensis;12/2000;8/2017;Dyzelinas;8;
MNM321;Subaru;Outback;1/2000;12/2015;Benzinas;9.5;
LKL445;Audi;A4;11/1998;8/2015;Benzinas;7.5;
OPT789;Volkswagen;Passat;8/2001;11/2015;Dyzelinas;7;
RDE567;Opel;Zafira;1/2007;7/2017;Dyzelinas;6.1;
JHF789;Toyota;Avensis;6/2004;10/2015;Dyzelinas;7.8;
SOP969;Mercedes-benz;S320;1/2000;11/2016;Dyzelinas;8.9;
RTB863;Mercedes-benz;Vito;8/2008;10/2015;Dyzelinas;8.6;
RTR336;Volkswagen;Passat;5/2007;7/2017;Dyzelinas;6.6;
ZJB456;Volkswagen;Transporter;3/2005;8/2017;Dyzelinas;7.6;
FDT996;BMW;530;10/2010;8/2016;Benzinas;8;
ETP753;Toyota;Paseo;11/1996;10/2015;Benzinas;5.5;
PTR456;Volvo;V40;5/1998;5/2017;Benzinas;8.5;
MDT555;Volkswagen;Polo;11/1997;8/2016;Benzinas/dujos;8;