﻿vardas,rasė,klasė,gyvybės taškai,mana,žalos taškai,gynybos taškai,jėga,vikrumas,intelektas,ypatinga galia
Andira Runehand,Human,Wizard,65,250,150,40,3,5,11,Pierce
Arvel Worldwalker,Elf,Ranger,100,120,120,70,8,8,4,Greed
Aurim,Human,Healer,55,300,80,40,4,5,12,Alchemy
Battlemage Jaes,Undead,Wizard,85,160,90,40,9,9,9,Armor Rune
Bogran the Shadow,Orc,Ranger,210,60,120,80,7,11,3,Sneaky
Brother Gherinn,Undead,Wizard,70,220,140,40,5,6,10,Sacrifice
Brother Glyr,Dwarf,Melee,200,35,60,125,11,2,2,Stuborn
Challara,Elf,Mage,76,200,75,40,3,5,10,Familiar
Corbin,Human,Melee,160,80,80,90,9,3,4,Resistant
Eliam,Elf,Melee,160,100,75,95,9,4,5,Sweep
Grey Ker,Human,Ranger,120,100,120,85,6,9,4,Shadow
Hugo the Glorious,Human,Melee,180,55,60,120,1,3,2,Honour
Ispher,Lizard,Ranger,125,80,130,50,5,11,3,Poison
Jonas the Kind,Human,Melee,155,75,75,80,10,3,4,Indestructible
Karnon,Human,Melee,160,60,60,90,9,4,4,Frost
Kirga,Orc,Ranger,130,80,90,90,6,8,4,Enhanced
Krutzbeck,Dwarf,Melee,160,60,120,110,12,1,3,Frenzy
Landrec the Wise,Human,Wizard,70,210,170,40,3,5,10,Surge
Laughin Buldar,Dwarf,Ranger,140,60,110,80,6,7,3,Throw
Laurel of Bloodwood,Human,Ranger,115,120,115,60,4,9,5,Long shot
Lindel,Elf,Ranger,120,90,130,70,5,9,6,Versatile
Lord Hawthorne,Human,Melee,180,40,85,120,9,2,5,Reach