Tema;Sudėtingumas;Klausimo autorius;Klausimo tekstas;Atsakymo variantai;Teisingas atsakymas;Balai;
Įvairūs;2;Robertas Petrauskas;Kaip NATO fonetinėje abėcėlėje šifruojama raidė R?;Romeo,Rembo,Raily,Rodeo;Romeo;2;
Anotomija ir medicina;2;Rimantas Valiukonis;Koks augalas vienos rūšies žinduoliui sukelia euforiją, o kitos rūšies žinduolį nuramina?;Kanapė,Durniaropė,Valerijonas,Aguona;Valerijonas;2;
Įvairūs;3;Robertas Petrauskas;Kaip iššifruojama santrumpa DNR?;Deoksiribonukleorūgštis,Deoksinorūgšits,Deoksidooksidorūgštis,Deoksiribonukleonidorūgštis;Deoksiribonukleorūgštis;5;
Įvairūs;2;Mantas Stonkus;Koks augalas lotyniškai vadinasi Urtica?;Pienė,Dilgėlė,Usnis,Melisa;Dilgėlė;3;
Geografija;2;Viktoras Drąsutavičius;Prie kokios jūros įsikūręs Vladivostokas?;Rytų Sibiro,Japonijos,Čiukčių,Beringo;Japonijos;2;
Įvairūs;2;Ramunė Vinauskaitė;Kokį gėrimą italai vadina spumante?;Anyžinę dektinę,Baltąjį vyną,Putojantį vyną,Raudonąjį vyną;Putojantį vyną;3;
Geografija;2;Robertas Petrauskas;Kokios valstybės pavadinimas išvertus į lietuvių kalbą reiškia "Sidabro žemė"?;Siera Leonė,Australija,Islandija,Argentina;Argentina;3;
Kinas;3;Viktoras Drąsutavičius;Kas vaidino SS pulkininką Hansą Landą filme "Negarbingi šunsnukiai"?;Tilis Šveigeris,Kristofas Valcas,Kventinas Tarantino,Bruno Ganzas;Kristofas Valcas (Christoph Waltz);5;
Kinas;3;Mindaugas Baliukevičius;Kaip vadinasi filmas, kuriame pagrindinis veikėjas sako: "Gyvenimas - kaip šokoladinių saldainių dėžutė. Niekada nežinai, ką ją atidaręs rasi..."?;Forestas Gampas,Vėjo nublokšti,Apie Šmitą,Babelis;Forestas Gampas;2;
Lietuva;1;Ramunė Vinauskaitė;Kada Lietuva įstojo į ES?;2003m. gegužės 1d.,2004m. gegužės 1d.,2005m. gegužės 1d.,2003m. balandžio 30d.;2004m. gegužės 1d.;1;
Lietuva;2;Robertas Petrauskas;Kokia įstaiga dabar įsikūrus Raudonės pilyje?;Savivaldybės administracija,Viešoji biblioteka,Mokykla,Kraštotyros muziejus;Mokykla;3;
Anotomija ir medicina;2;Rimantas Valiukonis;Kiek žmogaus ląstelė turi chromosomų porų?;20,21,22,23;23;3;
Lietuva;2;Aurelijus Esanavičius;Kelintais metais susidegino Romas Kalanta?;1971m.,1972m.,1973m.1975m.;1972m.;3;
Anotomija ir medicina;3;Rimantas Valiukonis;Ką žmogaus organizme pažeidžia psoriazė?;Kraujagysles ir širdį,Odą ir sąnarius,Smegenis,Odą ir nagus;Odą ir sąnarius;5;
Istorija;2;Mindaugas Baliukevičius;Kokią šalį II pasauliniame kare Sąjungininkai išlaisvino vėliausiai?;Olandiją,Austriją,Italiją,Belgiją;Olandiją;2;
Istorija;2;Mindaugas Baliukevičius;Kuris XX a. diktatorius buvo įsakęs naikti žvirblius?;Josifas Stalinas,Benito Musolinis,Mao Dzedongas,Fransiskas Frankas;Mao Dzedongas;2;
Gyvūnai;2;Gerda Jakštaitė;Kokios spalvos omaro kraujas?;Raudonos,Žalios,Geltonos,Mėlynos;Mėlynos;3;
Skaičiai;2;Robertas Petrauskas;Koks mėnuo metuose yra ilgiausias?;Gruodis,Spalis,Sausis,Gegužė;Spalis - 31 d. + 1 val.;4;
Gyvūnai;3;Gerda Jakštaitė;Koks paukštis turi ilgiausią snapą?;Raganosis ragasnapis,Australijos pelikanas,Didžioji kuolinga,Amerikos baltasis pelikanas;Australijos pelikanas - apie 47 cm;6;
Gyvūnai;3;Gerda Jakštaitė;Kokį gyvūną 1408 m.Vokiečių ordino magistras padovanojo Vytautui?;Lokį,Tigrą,Taurųjį elnią,Liūtą;Liūtą;5;
Skaičiai;1;Robertas Petrauskas;Kokią sumą visada sudaro lošimo kauliuko priešingų plokštumų skaičiai?;6,7,8,9;7;1;
Maistas;2;Ramunė Vinauskaitė;Kelių spalvų būna "M&M" saldainiai?;4,5,6,7;6;3;
Skaičiai;1;Mantas Stonkus;Kokia spalva pažymėtas skaičius "0" ruletės rate?;Žalia,Juoda,Raudona,Balta;Žalia;2;
Maistas;1;Ramunė Vinauskaitė;Kuris vaisius yra saldžiausias - mandarinas, figa, bananas ar mangas?;Mandarinas,Figa,Bananas,Mangas;Figa;1;
Spalvos;2;Robertas Petrauskas;Kuri "Google" logotipo raidė yra žalia?;"G","O","L","E";"L";5;