﻿Mikrorajonas,Gatvė,Namo Nr.,Tipas,Pastatymo metai,Plotas,Kambarių skaičius
Saulėtekis,Šeimyniškių,15,Blokinis,1980,190,8
Saulėtekis,Konstitucijos,124,Medinis,1975,100,6
Pilaitė,Gėlių,222,Mūrinis,1990,120,7
Šeškinė,Tulpių,64,Mūrinis,2000,100,6
Saulėtekis,Tuskulėnų,81,Mūrinis,2005,90,4
Žirmūnai,Sodų,34A,Medinis,1946,120,7
Pilaitė,Ivanausko,245,Mūrinis,1993,150,6
Šeškinė,Saulės,98B,Blokinis,1990,260,9
Saulėtekis,Minties,24,Mūrinis,1995,200,8
Žirmūnai,Karalių,75,Medinis,2001,250,8
Pilaitė,Kmynų,63,Medinis,2004,150,7
Šeškinė,Eglių,38,Mūrinis,2009,180,8
Saulėtekis,Lvovo,94,Blokinis,1979,145,6
Žirmūnai,Lašo,72,Medinis,1980,190,6
Pilaitė,Kviečių,34,Mūrinis,2010,98,3
Šeškinė,Šiaulių,46,Mūrinis,2012,110,5
Saulėtekis,Konstitucijos,85,Mūrinis,1975,100,5
Saulėtekis,Konstitucijos,115,Mūrinis,1975,100,5