﻿Vardas,Pavardė,Komanda,Pozicija,Čempionas,K,D,A
Arnas,Sofauskas,FFBL,Top,Jarvan IV,3,0,5
Gailė,Pagalvytė,FFBL,Mid,Annie,1,1,5
Jonas,Kėdžius,FFBL,AD,Ashe,3,1,5
Radvilė,Stalčiukaitė,FFBL,Support,Taric,0,0,8
Ignas,Lovauskas,FFBL,Jungle,Amumu,1,1,6
Indrė,Langaitė,Rainbow Dash,Top,Jarvan IV,8,0,10
Diana,Paveikslaitė,Rainbow Dash,Mid,Ahri,3,4,3
Dainius,Lentauskas,Rainbow Dash,AD,Vein,6,1,10
Vytenis,Dėžiauskas,Rainbow Dash,Support,Annie,2,1,17
Raigardas,Knygius,Rainbow Dash,Jungle,Lee Sin,1,2,11
Giedrius,Palangiauskas,FuriKuri,Top,Annie,3,1,10
Audrius,Dalgiauskas,FuriKuri,Mid,Ahri,6,1,8
Gintaras,Grėbliauskas,FuriKuri,AD,Corki,3,2,8
Jomantė,Dėklaitė,FuriKuri,Support,Sonna,0,4,13
Vladimiras,Lygiauskas,FuriKuri,Jungle,Jarvan IV,2,5,8
Audronė,Grindžiūtė,Girls United,Top,Jarvan IV,3,2,8
Simona,Tinklaitė,Girls United,Mid,Annie,5,0,8
Ieva,Pjūklaitė,Girls United,AD,Vein,8,0,8
Rasa,Plaktukaitė,Girls United,Support,Soraka,1,1,14
Raminta,Foteliūtė,Girls United,Jungle,Udyr,1,1,7
Antanas,Stiklius,1337,Top,Soraka,0,0,8
Jonas,Puodžius,1337,Mid,Ahri,3,0,5
Algirdas,Kalvaitis,1337,AD,Caitlyn,3,1,5
Jurgis,Šiaučiūnas,1337,Support,Taric,1,1,6
Stasys,Girnaitis,1337,Jungle,Lee Sin,1,1,5