﻿Pavadinimas,Miestas,Tipas,Darbo dienos,Bilieto kaina,Gidas
Alytaus kraštotyros muziejus,Alytus,Tautodailė,II;III;IV;V;VI,1.75,TRUE
Naujasis arsenalas,Vilnius,Istorija,II;III;IV;V;VI;VII,2.00,FALSE
Laikrodžių muziejus,Vilnius,Istorija,II;IV;VI,0.00,FALSE
Lietuvos dailės muziejus,Vilnius,Menas,I;II;III;IV;V,1.50,FALSE
Miniatiūrų muziejus,Kėdainiai,Menas,II;III;IV;V,0.00,TRUE
Velnių muziejus,Kaunas,Tautodailė,II;III;IV;V;VI;VII,1.80,TRUE
K.M. Čiurlionio muziejus,Kaunas,Menas,VI;VII,2.50,TRUE
Angelų muziejus,Anykščiai,Tautodailė,I;II;III;IV;V;VI,0.00,FALSE
Arklio muziejus,Anykščiai,Tautodailė,VI;VII,1.00,TRUE
Jono Biliūno sodyba-muziejus,Anykščiai,Istorija,II;III;IV;V;VI,0.00,FALSE
Dailės galerija,Kaunas,Menas,I;III;V,0.00,FALSE
Fotografijos muziejus,Vilnius,Menas,VI;VII,0.00,TRUE
Keramikos muziejus,Kaunas,Menas,II;III;IV;V;VI,0.50,TRUE
Kauno IX forto muziejus,Kaunas,Istorija,I;III;IV;V;VI,1.00,TRUE
Kauno Tado Ivanausko zoologijos muziejus,Kaunas,Gamta,II;III;IV;V;VI;VII,1.90,FALSE
Valdovų rūmų muziejus,Vilnius,Istorija,I;II;IV;V;VI,0.00,FALSE