﻿Filmo pavadinimas,Leidimo metai,Žanras,Kino studija,Režisierius,Aktoriai,Pajamos
Endless Love,1981,Romantic drama,Universal Pictures,Franco Zeffirelli,Brooke Shields;Martin Hewitt;Shirley Knight;Don Murray;James Spader;Ian Ziering;Tom Cruise;,32492674
Taps,1981,Drama,20th Century Fox,Harold Becker,George C. Scott;Timothy Hutton;Ronny Cox;Sean Penn;Tom Cruise;,35003235
The Outsiders,1983,Drama,Warner Bros.,Francis Ford Coppola,C. Thomas Howell;Ralph Macchio;Matt Dillon;Rob Lowe;Patrick Swayze;Emilio Estevez;Tom Cruise;,25700000
Losin' It,1983,Comedy,Embassy Pictures Corporation,Curtis Hanson,Tom Cruise;Shelley Long;Jackie Earle Haley;John Stockwell;John P. Navin	 Jr.;Henry Darrow;,1246141
Raising Arizona,1987,Comedy,20th Century Fox,Joel Coen,Nicolas Cage;Holly Hunter;Trey Wilson;John Goodman;William Forsythe;Sam McMurray;,29180280
Days of Thunder,1990,Racing,Paramount Pictures,Tony Scott,Tom Cruise;Nicole Kidman;Robert Duvall;Michael Rooker;Cary Elwes;Randy Quaid;,157920733
Far and Away,1992,Romantic adventure drama,Universal Pictures,Ron Howard,Tom Cruise;Nicole Kidman;Thomas Gibson;Robert Prosky;Barbara Babcock;Cyril Cusack;,137800000
Honeymoon in Vegas,1992,Comedy,Columbia Pictures,Andrew Bergman,James Caan;Nicolas Cage;Sarah Jessica Parker;Peter Boyle;Seymour Cassel;Pat Morita;,35208854
Interview with the Vampire,1994,Drama horror,Warner Bros.,Neil Jordan,Tom Cruise;Brad Pitt;Christian Slater;Kirsten Dunst;Antonio Banderas;Stephen Rea;,223700000
Batman Forever,1995,Superhero,Warner Bros.,Joel Schumacher,Val Kilmer;Tommy Lee Jones;Jim Carrey;Nicole Kidman;Chris O'Donnell;Michael Gough;,336500000
Mission: Impossible,1996,Action,Paramount Pictures,Brian De Palma,Tom Cruise;Jon Voight;Emmanuelle Béart;Henry Czerny;Jean Reno;Ving Rhames;,457700000
The Portrait of a Lady,1996,Drama,Gramercy Pictures,Jane Campion,Nicole Kidman;Barbara Hershey;John Malkovich;Mary-Louise Parker;Martin Donovan;Shelley Duvall;,3700000
Titanic,1997,Epic romantic disaster film,20th Century Fox,James Cameron,Leonardo Dicaprio;Kate Winslet;Billy Zane;Frances Fisher;Gloria Stuart;Bill Paxton;,2178,000000
Practical Magic,1998,Romantic comedy,Warner Bros.,Griffin Dunne,Sandra Bullock;Nicole Kidman;Goran Visnjic;Stockard Channing;Dianne Wiest;Aidan Quinn;,68336997
City of Angels,1998,Romantic fantasy drama,Warner Bros.,Brad Silberling,Nicolas Cage;Meg Ryan;Andre Braugher;Colm Feore;Dennis Franz;Robin Bartlett;,198685114
Snake Eyes,1998,Conspiracy thriller,Paramount Pictures,Brian De Palma,Nicolas Cage;Gary Sinise;Carla Gugino;Joel Fabiani;John Heard;Stan Shaw;,103891409
Eyes Wide Shut,1999,Erotic thriller,Warner Bros.,Stanley Kubrick,Nicole Kidman;Tom Cruise;Sydney Pollack;Marie Richardson;Todd Field;Sky du Mont;,162100000
Magnolia,1999,Drama,New Line Cinema,Paul Thomas Anderson,Jeremy Blackman;Tom Cruise;Melinda Dillon;Philip Baker Hall;Philip Seymour Hoffman;William H. Macy;,48500000
Gone in Sixty Seconds,2000,Action,Buena Vista Pictures,Dominic Sena,Nicolas Cage;Angelina Jolie;Giovanni Ribisi;Robert Duvall;Delroy Lindo;Timothy Olyphant;,237200000
The Others,2001,Horror,Miramax Films,Alejandro Amenábar,Nicole Kidman;Alakina Mann;James Bentley;Fionnula Flanagan;Eric Sykes;Elaine Cassidy;,209947037
Vanilla Sky,2001,Psychological thriller,Paramount Pictures,Cameron Crowe,Tom Cruise;Penelope Cruz;Cameron Diaz;Kurt Russell;Jason Lee;Noah Taylor;,203400000
Moulin Rouge,2001,Musical,20th Century Fox,Baz Luhrmann,Nicole Kidman;Ewan McGregor;Jim Broadbent;Richard Roxburgh;John Leguizamo;Jacek Koman;,179000000
The Hours,2002,Drama,Paramount Pictures,Stephen Daldry,Nicole Kidman;Stephen Dillane;Julianne Moore;John C. Reilly;Meryl Streep;Ed Harris;,18846072
The Stepford Wives,2004,Sci-fi drama comedy,Paramount Pictures,Frank Oz,Nicole Kidman;Matthew Broderick;Bette Midler;Christopher Walken;Roger Bart;Faith Hill;,102001626
Australia,2008,Romantic drama,20th Century Fox,Baz Luhrmann,Nicole Kidman;Hugh Jackman;David Wenham;Bryan Brown;Jack Thompson;David Gulpilil;,211300000
Avatar,2009,Epic Sci-Fi,20th Century Fox,James Cameron,Sam Worthington;Stephen Lung;Sigourney Weaver;Zoe Saldana;Michelle Rodroguez;Laz Alonso;,2778000000
Mission: Impossible – Ghost Protocol,2011,Action,Paramount Pictures,Brad Bird,Tom Cruise; Jeremy Renner;Simon Pegg;Paula Patton;Michael Nyqvist;Vladimir Mashkov,694700000
Blended,2014,Romantic comedy,Warner Bros. Pictures,Frank Coracy,Adam Sandler;Drew Barrymore;Bella Thorne;Kevin Nealon;Dan Patric;Lauren Lapkus;,128000000
Maleficent,2014,Dark fantasy,Walt Disney Pictures,Robert Stomberg,Angelina Jolie;Elle Fanning;Sharito Copley;Sam Riley;Juno Temple;Lesley Manville;,754800000
The imitation game,2014,Historical drama thriller,The Weinstein Company,Morten Tyldum,Benedict Bumberbatch;Keira Knightley;Matthew Gode;Rory Kinnear;Allen Letch;Mark Strong;,227800000
Inside out,2015,Comedy,Walt Disney Studios Motion Picture,Pete Docter,Amy Poehler;Bill Hader;Lewis Black;Mindy Kaling;Diane Lane;Paula Pell;,747400000